-- phpMyAdmin SQL Dump
-- version 4.1.14
-- http://www.phpmyadmin.net
--
-- Host: 127.0.0.1
-- Generation Time: Mar 04, 2015 at 03:16 PM
-- Server version: 5.6.17
-- PHP Version: 5.5.12

SET SQL_MODE = "NO_AUTO_VALUE_ON_ZERO";
SET time_zone = "+00:00";


/*!40101 SET @OLD_CHARACTER_SET_CLIENT=@@CHARACTER_SET_CLIENT */;
/*!40101 SET @OLD_CHARACTER_SET_RESULTS=@@CHARACTER_SET_RESULTS */;
/*!40101 SET @OLD_COLLATION_CONNECTION=@@COLLATION_CONNECTION */;
/*!40101 SET NAMES utf8 */;

--
-- Database: `project3_se03`
--

-- --------------------------------------------------------

--
-- Table structure for table `amphur`
--

CREATE TABLE IF NOT EXISTS `amphur` (
  `AmphurID` int(11) NOT NULL AUTO_INCREMENT,
  `AmphurName` varchar(255) NOT NULL DEFAULT '',
  `ProvinceID` int(11) NOT NULL DEFAULT '0',
  PRIMARY KEY (`AmphurID`)
) ENGINE=MyISAM  DEFAULT CHARSET=tis620 AUTO_INCREMENT=934 ;

--
-- Dumping data for table `amphur`
--

INSERT INTO `amphur` (`AmphurID`, `AmphurName`, `ProvinceID`) VALUES
(1, 'อำเภอเมือง', 1),
(2, 'อำเภอเขาพนม', 1),
(3, 'อำเภอเกาะลันตา', 1),
(4, 'อำเภอคลองท่อม', 1),
(5, 'อำเภออ่าวลึก', 1),
(6, 'อำเภอปลายพระยา', 1),
(7, 'อำเภอลำทับ', 1),
(8, 'อำเภอเหนือคลอง', 1),
(9, 'เขตพระนคร', 2),
(10, 'เขตดุสิต', 2),
(11, 'เขตหนองจอก', 2),
(12, 'เขตบางรัก', 2),
(13, 'เขตบางเขน', 2),
(14, 'เขตบางกะปิ', 2),
(15, 'เขตปทุมวัน', 2),
(16, 'เขตป้อมปราบศัตรูพ่าย', 2),
(17, 'เขตพระโขนง', 2),
(18, 'เขตมีนบุรี', 2),
(19, 'เขตลาดกระบัง', 2),
(20, 'เขตยานนาวา', 2),
(21, 'เขตสัมพันธวงศ์', 2),
(22, 'เขตพญาไท', 2),
(23, 'เขตธนบุรี', 2),
(24, 'เขตบางกอกใหญ่', 2),
(25, 'เขตห้วยขวาง', 2),
(26, 'เขตคลองสาน', 2),
(27, 'เขตตลิ่งชัน', 2),
(28, 'เขตบางกอกน้อย', 2),
(29, 'เขตบางขุนเทียน', 2),
(30, 'เขตภาษีเจริญ', 2),
(31, 'เขตหนองแขม', 2),
(32, 'เขตราษฎร์บูรณะ', 2),
(33, 'เขตบางพลัด', 2),
(34, 'เขตดินแดง', 2),
(35, 'เขตบึงกุ่ม', 2),
(36, 'เขตสาทร', 2),
(37, 'เขตบางซื่อ', 2),
(38, 'เขตจตุจักร', 2),
(39, 'เขตบางคอแหลม', 2),
(40, 'เขตประเวศ', 2),
(41, 'เขตคลองเตย', 2),
(42, 'เขตสวนหลวง', 2),
(43, 'เขตจอมทอง', 2),
(44, 'เขตดอนเมือง', 2),
(45, 'เขตราชเทวี', 2),
(46, 'เขตลาดพร้าว', 2),
(47, 'เขตวัฒนา', 2),
(48, 'เขตบางแค', 2),
(49, 'เขตหลักสี่', 2),
(50, 'เขตสายไหม', 2),
(51, 'เขตคันนายาว', 2),
(52, 'เขตสะพานสูง', 2),
(53, 'เขตวังทองหลาง', 2),
(54, 'เขตคลองสามวา', 2),
(55, 'เขตบางนา', 2),
(56, 'เขตทวีวัฒนา', 2),
(57, 'เขตทุ่งครุ', 2),
(58, 'เขตบางบอน', 2),
(59, 'อำเภอเมือง', 3),
(60, 'อำเภอไทรโยค', 3),
(61, 'อำเภอบ่อพลอย', 3),
(62, 'อำเภอศรีสวัสดิ์', 3),
(63, 'อำเภอท่ามะกา', 3),
(64, 'อำเภอท่าม่วง', 3),
(65, 'อำเภอทองผาภูมิ', 3),
(66, 'อำเภอสังขละบุรี', 3),
(67, 'อำเภอพนมทวน', 3),
(68, 'อำเภอเลาขวัญ', 3),
(69, 'อำเภอด่านมะขามเตี้ย', 3),
(70, 'อำเภอหนองปรือ', 3),
(71, 'อำเภอห้วยกระเจา', 3),
(72, 'อำเภอเมือง', 4),
(73, 'อำเภอนามน', 4),
(74, 'อำเภอกมลาไสย', 4),
(75, 'อำเภอร่องคำ', 4),
(76, 'อำเภอกุฉินารายณ์', 4),
(77, 'อำเภอเขาวง', 4),
(78, 'อำเภอยางตลาด', 4),
(79, 'อำเภอห้วยเม็ก', 4),
(80, 'อำเภอสหัสขันธ์', 4),
(81, 'อำเภอคำม่วง', 4),
(82, 'อำเภอท่าคันโท', 4),
(83, 'อำเภอหนองกุงศรี', 4),
(84, 'อำเภอสมเด็จ', 4),
(85, 'อำเภอห้วยผึ้ง', 4),
(86, 'กิ่งอำเภอสามชัย', 4),
(87, 'กิ่งอำเภอนาคู', 4),
(88, 'กิ่งอำเภอดอนจาน', 4),
(89, 'กิ่งอำเภอฆ้องชัย', 4),
(90, 'อำเภอเมือง', 5),
(91, 'อำเภอไทรงาม', 5),
(92, 'อำเภอคลองลาน', 5),
(93, 'อำเภอขาณุวรลักษบุรี', 5),
(94, 'อำเภอคลองขลุง', 5),
(95, 'อำเภอพรานกระต่าย', 5),
(96, 'อำเภอลานกระบือ', 5),
(97, 'อำเภอทรายทองวัฒนา', 5),
(98, 'อำเภอปางศิลาทอง', 5),
(99, 'กิ่งอำเภอบึงสามัคคี', 5),
(100, 'กิ่งอำเภอโกสัมพีนคร', 5),
(101, 'อำเภอเมือง', 6),
(102, 'อำเภอบ้านฝาง', 6),
(103, 'อำเภอพระยืน', 6),
(104, 'อำเภอหนองเรือ', 6),
(105, 'อำเภอชุมแพ', 6),
(106, 'อำเภอสีชมพู', 6),
(107, 'อำเภอน้ำพอง', 6),
(108, 'อำเภออุบลรัตน์', 6),
(109, 'อำเภอกระนวน', 6),
(110, 'อำเภอบ้านไผ่', 6),
(111, 'อำเภอเปือยน้อย', 6),
(112, 'อำเภอพล', 6),
(113, 'อำเภอแวงใหญ่', 6),
(114, 'อำเภอแวงน้อย', 6),
(115, 'อำเภอหนองสองห้อง', 6),
(116, 'อำเภอภูเวียง', 6),
(117, 'อำเภอมัญจาคีรี', 6),
(118, 'อำเภอชนบท', 6),
(119, 'อำเภอเขาสวนกวาง', 6),
(120, 'อำเภอภูผาม่าน', 6),
(121, 'กิ่งอำเภอซำสูง', 6),
(122, 'กิ่งอำเภอโคกโพธิ์ไชย', 6),
(123, 'กิ่งอำเภอหนองนาคำ', 6),
(124, 'กิ่งอำเภอบ้านแฮด', 6),
(125, 'กิ่งอำเภอโนนศิลา', 6),
(126, 'อำเภอเมือง', 7),
(127, 'อำเภอขลุง', 7),
(128, 'อำเภอท่าใหม่', 7),
(129, 'อำเภอโป่งน้ำร้อน', 7),
(130, 'อำเภอมะขาม', 7),
(131, 'อำเภอแหลมสิงห์', 7),
(132, 'อำเภอสอยดาว', 7),
(133, 'อำเภอแก่งหางแมว', 7),
(134, 'อำเภอนายายอาม', 7),
(135, 'กิ่งอำเภอเขาคิชฌกูฎ', 7),
(136, 'อำเภอเมือง', 8),
(137, 'อำเภอบางคล้า', 8),
(138, 'อำเภอบางน้ำเปรี้ยว', 8),
(139, 'อำเภอบางปะกง', 8),
(140, 'อำเภอบ้านโพธิ์', 8),
(141, 'อำเภอพนมสารคาม', 8),
(142, 'อำเภอราชสาส์น', 8),
(143, 'อำเภอสนามชัยเขต', 8),
(144, 'อำเภอแปลงยาว', 8),
(145, 'อำเภอท่าตะเกียบ', 8),
(146, 'กิ่งอำเภอคลองเขื่อน', 8),
(147, 'อำเภอเมือง', 9),
(148, 'อำเภอบ้านบึง', 9),
(149, 'อำเภอหนองใหญ่', 9),
(150, 'อำเภอบางละมุง', 9),
(151, 'อำเภอพานทอง', 9),
(152, 'อำเภอพนัสนิคม', 9),
(153, 'อำเภอศรีราชา', 9),
(154, 'อำเภอเกาะสีชัง', 9),
(155, 'อำเภอสัตหีบ', 9),
(156, 'อำเภอบ่อทอง', 9),
(157, 'กิ่งอำเภอเกาะจันทร์', 9),
(158, 'อำเภอเมือง', 10),
(159, 'อำเภอมโนรมย์', 10),
(160, 'อำเภอวัดสิงห์', 10),
(161, 'อำเภอสรรพยา', 10),
(162, 'อำเภอสรรคบุรี', 10),
(163, 'อำเภอหันคา', 10),
(164, 'อำเภอหนองมะโมง', 10),
(165, 'อำเภอเนินขาม', 10),
(166, 'อำเภอเมือง', 11),
(167, 'อำเภอบ้านเขว้า', 11),
(168, 'อำเภอคอนสวรรค์', 11),
(169, 'อำเภอเกษตรสมบูรณ์', 11),
(170, 'อำเภอหนองบัวแดง', 11),
(171, 'อำเภอจัตุรัส', 11),
(172, 'อำเภอบำเหน็จณรงค์', 11),
(173, 'อำเภอหนองบัวระเหว', 11),
(174, 'อำเภอเทพสถิต', 11),
(175, 'อำเภอภูเขียว', 11),
(176, 'อำเภอบ้านแท่น', 11),
(177, 'อำเภอแก้งคร้อ', 11),
(178, 'อำเภอคอนสาร', 11),
(179, 'อำเภอภักดีชุมพล', 11),
(180, 'อำเภอเนินสง่า', 11),
(181, 'กิ่งอำเภอซับใหญ่', 11),
(182, 'อำเภอเมือง', 12),
(183, 'อำเภอท่าแซะ', 12),
(184, 'อำเภอปะทิว', 12),
(185, 'อำเภอหลังสวน', 12),
(186, 'อำเภอละแม', 12),
(187, 'อำเภอพะโต๊ะ', 12),
(188, 'อำเภอสวี', 12),
(189, 'อำเภอทุ่งตะโก', 12),
(190, 'อำเภอเมือง', 13),
(191, 'อำเภอเวียงชัย', 13),
(192, 'อำเภอเชียงของ', 13),
(193, 'อำเภอเทิง', 13),
(194, 'อำเภอพาน', 13),
(195, 'อำเภอป่าแดด', 13),
(196, 'อำเภอแม่จัน', 13),
(197, 'อำเภอเชียงแสน', 13),
(198, 'อำเภอแม่สาย', 13),
(199, 'อำเภอแม่สรวย', 13),
(200, 'อำเภอเวียงป่าเป้า', 13),
(201, 'อำเภอพญาเม็งราย', 13),
(202, 'อำเภอเวียงแก่น', 13),
(203, 'อำเภอขุนตาล', 13),
(204, 'อำเภอแม่ฟ้าหลวง', 13),
(205, 'อำเภอแม่ลาว', 13),
(206, 'กิ่งอำเภอเวียงเชียงรุ้ง', 13),
(207, 'กิ่งอำเภอดอยหลวง', 13),
(208, 'อำเภอเมือง', 14),
(209, 'อำเภอจอมทอง', 14),
(210, 'อำเภอแม่แจ่ม', 14),
(211, 'อำเภอเชียงดาว', 14),
(212, 'อำเภอดอยสะเก็ด', 14),
(213, 'อำเภอแม่แตง', 14),
(214, 'อำเภอแม่ริม', 14),
(215, 'อำเภอสะเมิง', 14),
(216, 'อำเภอฝาง', 14),
(217, 'อำเภอแม่อาย', 14),
(218, 'อำเภอพร้าว', 14),
(219, 'อำเภอสันป่าตอง', 14),
(220, 'อำเภอสันกำแพง', 14),
(221, 'อำเภอสันทราย', 14),
(222, 'อำเภอหางดง', 14),
(223, 'อำเภอฮอด', 14),
(224, 'อำเภอดอยเต่า', 14),
(225, 'อำเภออมก๋อย', 14),
(226, 'อำเภอสารภี', 14),
(227, 'อำเภอไชยปราการ', 14),
(228, 'อำเภอแม่วาง', 14),
(229, 'กิ่งอำเภอแม่ออน', 14),
(230, 'กิ่งอำเภอดอยหล่อ', 14),
(231, 'อำเภอเมืองตรัง', 15),
(232, 'อำเภอกันตัง', 15),
(233, 'อำเภอย่านตาขาว', 15),
(234, 'อำเภอปะเหลียน', 15),
(235, 'อำเภอสิเกา', 15),
(236, 'อำเภอห้วยยอด', 15),
(237, 'อำเภอวังวิเศษ', 15),
(238, 'อำเภอนาโยง', 15),
(239, 'อำเภอรัษฎา', 15),
(240, 'กิ่งอำเภอหาดสำราญ', 15),
(241, 'อำเภอเมือง', 16),
(242, 'อำเภอคลองใหญ่', 16),
(243, 'อำเภอเขาสมิง', 16),
(244, 'อำเภอบ่อไร่', 16),
(245, 'อำเภอแหลมงอบ', 16),
(246, 'กิ่งอำเภอเกาะกูด', 16),
(247, 'กิ่งอำเภอเกาะช้าง', 16),
(248, 'กิ่งอำเภอราชการุณย์', 16),
(249, 'อำเภอเมือง', 17),
(250, 'อำเภอบ้านตาก', 17),
(251, 'อำเภอสามเงา', 17),
(252, 'อำเภอแม่ระมาด', 17),
(253, 'อำเภอท่าสองยาง', 17),
(254, 'อำเภอแม่สอด', 17),
(255, 'อำเภอพบพระ', 17),
(256, 'อำเภออุ้มผาง', 17),
(257, 'กิ่งอำเภอวังเจ้า', 17),
(258, 'อำเภอเมือง', 18),
(259, 'อำเภอปากพลี', 18),
(260, 'อำเภอบ้านนา', 18),
(261, 'อำเภอองครักษ์', 18),
(262, 'อำเภอเมืองนครปฐม', 19),
(263, 'อำเภอกำแพงแสน', 19),
(264, 'อำเภอนครชัยศรี', 19),
(265, 'อำเภอดอนตูม', 19),
(266, 'อำเภอบางเลน', 19),
(267, 'อำเภอสามพราน', 19),
(268, 'อำเภอพุทธมณฑล', 19),
(269, 'อำเภอเมือง', 20),
(270, 'อำเภอปลาปาก', 20),
(271, 'อำเภอท่าอุเทน', 20),
(272, 'อำเภอบ้านแพง', 20),
(273, 'อำเภอธาตุพนม', 20),
(274, 'อำเภอเรณูนคร', 20),
(275, 'อำเภอนาแก', 20),
(276, 'อำเภอศรีสงคราม', 20),
(277, 'อำเภอนาหว้า', 20),
(278, 'อำเภอโพนสวรรค์', 20),
(279, 'อำเภอนาทม', 20),
(280, 'กิ่งอำเภอวังยาง', 20),
(281, 'อำเภอเมือง', 21),
(282, 'อำเภอครบุรี', 21),
(283, 'อำเภอเสิงสาง', 21),
(284, 'อำเภอคง', 21),
(285, 'อำเภอบ้านเหลื่อม', 21),
(286, 'อำเภอจักราช', 21),
(287, 'อำเภอโชคชัย', 21),
(288, 'อำเภอด่านขุนทด', 21),
(289, 'อำเภอโนนไทย', 21),
(290, 'อำเภอโนนสูง', 21),
(291, 'อำเภอขามสะแกแสง', 21),
(292, 'อำเภอบัวใหญ่', 21),
(293, 'อำเภอประทาย', 21),
(294, 'อำเภอปักธงชัย', 21),
(295, 'อำเภอพิมาย', 21),
(296, 'อำเภอห้วยแถลง', 21),
(297, 'อำเภอชุมพวง', 21),
(298, 'อำเภอสูงเนิน', 21),
(299, 'อำเภอขามทะเลสอ', 21),
(300, 'อำเภอสีคิ้ว', 21),
(301, 'อำเภอปากช่อง', 21),
(302, 'อำเภอหนองบุนนาก', 21),
(303, 'อำเภอแก้งสนามนาง', 21),
(304, 'อำเภอโนนแดง', 21),
(305, 'อำเภอวังน้ำเขียว', 21),
(306, 'กิ่งอำเภอเทพารักษ์', 21),
(307, 'กิ่งอำเภอเมืองยาง', 21),
(308, 'กิ่งอำเภอพระทองคำ', 21),
(309, 'กิ่งอำเภอลำทะเมนชัย', 21),
(310, 'กิ่งอำเภอบัวลาย', 21),
(311, 'กิ่งอำเภอสีดา', 21),
(312, 'อำเภอเฉลิมพระเกียรติ', 21),
(313, 'อำเภอเมือง', 22),
(314, 'อำเภอพรหมคีรี', 22),
(315, 'อำเภอลานสกา', 22),
(316, 'อำเภอฉวาง', 22),
(317, 'อำเภอพิปูน', 22),
(318, 'อำเภอเชียรใหญ่', 22),
(319, 'อำเภอชะอวด', 22),
(320, 'อำเภอท่าศาลา', 22),
(321, 'อำเภอทุ่งสง', 22),
(322, 'อำเภอนาบอน', 22),
(323, 'อำเภอทุ่งใหญ่', 22),
(324, 'อำเภอปากพนัง', 22),
(325, 'อำเภอร่อนพิบูลย์', 22),
(326, 'อำเภอสิชล', 22),
(327, 'อำเภอขนอม', 22),
(328, 'อำเภอหัวไทร', 22),
(329, 'อำเภอบางขัน', 22),
(330, 'อำเภอถ้ำพรรณรา', 22),
(331, 'อำเภอจุฬาภรณ์', 22),
(332, 'อำเภอพระพรหม', 22),
(333, 'กิ่งอำเภอนบพิตำ', 22),
(334, 'กิ่งอำเภอช้างกลาง', 22),
(335, 'อำเภอเฉลิมพระเกียรติ', 22),
(336, 'อำเภอเมือง', 23),
(337, 'อำเภอโกรกพระ', 23),
(338, 'อำเภอชุมแสง', 23),
(339, 'อำเภอหนองบัว', 23),
(340, 'อำเภอบรรพตพิสัย', 23),
(341, 'อำเภอเก้าเลี้ยว', 23),
(342, 'อำเภอตาคลี', 23),
(343, 'อำเภอท่าตะโก', 23),
(344, 'อำเภอไพศาลี', 23),
(345, 'อำเภอพยุหะคีรี', 23),
(346, 'อำเภอลาดยาว', 23),
(347, 'อำเภอตากฟ้า', 23),
(348, 'อำเภอแม่วงก์', 23),
(349, 'กิ่งอำเภอแม่เปิน', 23),
(350, 'กิ่งอำเภอชุมตาบง', 23),
(351, 'อำเภอเมือง', 24),
(352, 'อำเภอบางกรวย', 24),
(353, 'อำเภอบางใหญ่', 24),
(354, 'อำเภอบางบัวทอง', 24),
(355, 'อำเภอไทรน้อย', 24),
(356, 'อำเภอปากเกร็ด', 24),
(357, 'อำเภอเมือง', 25),
(358, 'อำเภอตากใบ', 25),
(359, 'อำเภอบาเจาะ', 25),
(360, 'อำเภอยี่งอ', 25),
(361, 'อำเภอระแงะ', 25),
(362, 'อำเภอรือเสาะ', 25),
(363, 'อำเภอศรีสาคร', 25),
(364, 'อำเภอแว้ง', 25),
(365, 'อำเภอสุคิริน', 25),
(366, 'อำเภอสุไหงโกลก', 25),
(367, 'อำเภอสุไหงปาดี', 25),
(368, 'อำเภอจะแนะ', 25),
(369, 'อำเภอเจาะไอร้อง', 25),
(370, 'อำเภอเมือง', 26),
(371, 'อำเภอแม่จริม', 26),
(372, 'อำเภอบ้านหลวง', 26),
(373, 'อำเภอนาน้อย', 26),
(374, 'อำเภอปัว', 26),
(375, 'อำเภอท่าวังผา', 26),
(376, 'อำเภอเวียงสา', 26),
(377, 'อำเภอทุ่งช้าง', 26),
(378, 'อำเภอเชียงกลาง', 26),
(379, 'อำเภอนาหมื่น', 26),
(380, 'อำเภอสันติสุข', 26),
(381, 'อำเภอบ่อเกลือ', 26),
(382, 'อำเภอสองแคว', 26),
(383, 'กิ่งอำเภอภูเพียง', 26),
(384, 'อำเภอเฉลิมพระเกียรติ', 26),
(385, 'อำเภอเมือง', 27),
(386, 'อำเภอคูเมือง', 27),
(387, 'อำเภอกระสัง', 27),
(388, 'อำเภอนางรอง', 27),
(389, 'อำเภอหนองกี่', 27),
(390, 'อำเภอละหานทราย', 27),
(391, 'อำเภอประโคนชัย', 27),
(392, 'อำเภอบ้านกรวด', 27),
(393, 'อำเภอพุทไธสง', 27),
(394, 'อำเภอลำปลายมาศ', 27),
(395, 'อำเภอสตึก', 27),
(396, 'อำเภอปะคำ', 27),
(397, 'อำเภอนาโพธิ์', 27),
(398, 'อำเภอหนองหงส์', 27),
(399, 'อำเภอพลับพลาชัย', 27),
(400, 'อำเภอห้วยราช', 27),
(401, 'อำเภอโนนสุวรรณ', 27),
(402, 'อำเภอชำนิ', 27),
(403, 'อำเภอบ้านใหม่ไชยพจน์', 27),
(404, 'อำเภอโนนดินแดง', 27),
(405, 'กิ่งอำเภอบ้านด่าน', 27),
(406, 'กิ่งอำเภอแคนดง', 27),
(407, 'อำเภอเฉลิมพระเกียรติ', 27),
(408, 'อำเภอเมือง', 28),
(409, 'อำเภอคลองหลวง', 28),
(410, 'อำเภอธัญบุรี', 28),
(411, 'อำเภอหนองเสือ', 28),
(412, 'อำเภอลาดหลุมแก้ว', 28),
(413, 'อำเภอลำลูกกา', 28),
(414, 'อำเภอสามโคก', 28),
(415, 'อำเภอเมือง', 29),
(416, 'อำเภอกุยบุรี', 29),
(417, 'อำเภอทับสะแก', 29),
(418, 'อำเภอบางสะพาน', 29),
(419, 'อำเภอบางสะพานน้อย', 29),
(420, 'อำเภอปราณบุรี', 29),
(421, 'อำเภอหัวหิน', 29),
(422, 'กิ่งอำเภอสามร้อยยอด', 29),
(423, 'อำเภอเมือง', 30),
(424, 'อำเภอกบินทร์บุรี', 30),
(425, 'อำเภอนาดี', 30),
(426, 'อำเภอบ้านสร้าง', 30),
(427, 'อำเภอประจันตคาม', 30),
(428, 'อำเภอศรีมหาโพธิ', 30),
(429, 'อำเภอศรีมโหสถ', 30),
(430, 'อำเภอเมือง', 31),
(431, 'อำเภอโคกโพธิ์', 31),
(432, 'อำเภอหนองจิก', 31),
(433, 'อำเภอปะนาเระ', 31),
(434, 'อำเภอมายอ', 31),
(435, 'อำเภอทุ่งยางแดง', 31),
(436, 'อำเภอสายบุรี', 31),
(437, 'อำเภอไม้แก่น', 31),
(438, 'อำเภอยะหริ่ง', 31),
(439, 'อำเภอยะรัง', 31),
(440, 'อำเภอกะพ้อ', 31),
(441, 'อำเภอแม่ลาน', 31),
(442, 'อำเภอพระนครศรีอยุธยา', 32),
(443, 'อำเภอท่าเรือ', 32),
(444, 'อำเภอนครหลวง', 32),
(445, 'อำเภอบางไทร', 32),
(446, 'อำเภอบางบาล', 32),
(447, 'อำเภอบางปะอิน', 32),
(448, 'อำเภอบางปะหัน', 32),
(449, 'อำเภอผักไห่', 32),
(450, 'อำเภอภาชี', 32),
(451, 'อำเภอลาดบัวหลวง', 32),
(452, 'อำเภอวังน้อย', 32),
(453, 'อำเภอเสนา', 32),
(454, 'อำเภอบางซ้าย', 32),
(455, 'อำเภออุทัย', 32),
(456, 'อำเภอมหาราช', 32),
(457, 'อำเภอบ้านแพรก', 32),
(458, 'อำเภอเมือง', 33),
(459, 'อำเภอจุน', 33),
(460, 'อำเภอเชียงคำ', 33),
(461, 'อำเภอเชียงม่วน', 33),
(462, 'อำเภอดอกคำใต้', 33),
(463, 'อำเภอปง', 33),
(464, 'อำเภอแม่ใจ', 33),
(465, 'กิ่งอำเภอภูซาง', 33),
(466, 'กิ่งอำเภอภูกามยาว', 33),
(467, 'กิ่งอำเภอฟากกว๊าน', 33),
(468, 'อำเภอเมือง', 34),
(469, 'อำเภอเกาะยาว', 34),
(470, 'อำเภอกะปง', 34),
(471, 'อำเภอตะกั่วทุ่ง', 34),
(472, 'อำเภอตะกั่วป่า', 34),
(473, 'อำเภอคุระบุรี', 34),
(474, 'อำเภอทับปุด', 34),
(475, 'อำเภอท้ายเหมือง', 34),
(476, 'อำเภอเมือง', 35),
(477, 'อำเภอกงหรา', 35),
(478, 'อำเภอเขาชัยสน', 35),
(479, 'อำเภอตะโหมด', 35),
(480, 'อำเภอควนขนุน', 35),
(481, 'อำเภอปากพะยูน', 35),
(482, 'อำเภอศรีบรรพต', 35),
(483, 'อำเภอป่าบอน', 35),
(484, 'อำเภอบางแก้ว', 35),
(485, 'อำเภอป่าพะยอม', 35),
(486, 'กิ่งอำเภอศรีนครินทร์', 35),
(487, 'อำเภอเมือง', 36),
(488, 'อำเภอวังทรายพูน', 36),
(489, 'อำเภอโพธิ์ประทับช้าง', 36),
(490, 'อำเภอตะพานหิน', 36),
(491, 'อำเภอบางมูลนาก', 36),
(492, 'อำเภอโพทะเล', 36),
(493, 'อำเภอสามง่าม', 36),
(494, 'อำเภอทับคล้อ', 36),
(495, 'กิ่งอำเภอสากเหล็ก', 36),
(496, 'กิ่งอำเภอบึงนาราง', 36),
(497, 'กิ่งอำเภอดงเจริญ', 36),
(498, 'อำเภอวชิรบารมี', 36),
(499, 'อำเภอเมือง', 37),
(500, 'อำเภอนครไทย', 37),
(501, 'อำเภอชาติตระการ', 37),
(502, 'อำเภอบางระกำ', 37),
(503, 'อำเภอบางกระทุ่ม', 37),
(504, 'อำเภอพรหมพิราม', 37),
(505, 'อำเภอวัดโบสถ์', 37),
(506, 'อำเภอวังทอง', 37),
(507, 'อำเภอเนินมะปราง', 37),
(508, 'อำเภอเมือง', 38),
(509, 'อำเภอเขาย้อย', 38),
(510, 'อำเภอหนองหญ้าปล้อง', 38),
(511, 'อำเภอชะอำ', 38),
(512, 'อำเภอท่ายาง', 38),
(513, 'อำเภอบ้านลาด', 38),
(514, 'อำเภอบ้านแหลม', 38),
(515, 'อำเภอแก่งกระจาน', 38),
(516, 'อำเภอเมือง', 39),
(517, 'อำเภอชนแดน', 39),
(518, 'อำเภอหล่มสัก', 39),
(519, 'อำเภอหล่มเก่า', 39),
(520, 'อำเภอวิเชียรบุรี', 39),
(521, 'อำเภอศรีเทพ', 39),
(522, 'อำเภอหนองไผ่', 39),
(523, 'อำเภอบึงสามพัน', 39),
(524, 'อำเภอน้ำหนาว', 39),
(525, 'อำเภอวังโป่ง', 39),
(526, 'อำเภอเขาค้อ', 39),
(527, 'กิ่งอำเภอวังชมภู', 39),
(528, 'กิ่งอำเภอพุเตย', 39),
(529, 'กิ่งอำเภอดงขุย', 39),
(530, 'กิ่งอำเภอเมืองกลาง', 39),
(531, 'อำเภอเมือง', 40),
(532, 'อำเภอร้องกวาง', 40),
(533, 'อำเภอลอง', 40),
(534, 'อำเภอสูงเม่น', 40),
(535, 'อำเภอเด่นชัย', 40),
(536, 'อำเภอสอง', 40),
(537, 'อำเภอวังชิ้น', 40),
(538, 'อำเภอหนองม่วงไข่', 40),
(539, 'กิ่งอำเภอแดนชุมพล', 40),
(540, 'อำเภอเมืองภูเก็ต', 41),
(541, 'อำเภอกะทู้', 41),
(542, 'อำเภอถลาง', 41),
(543, 'อำเภอเมือง', 42),
(544, 'อำเภอแกดำ', 42),
(545, 'อำเภอโกสุมพิสัย', 42),
(546, 'อำเภอกันทรวิชัย', 42),
(547, 'อำเภอเชียงยืน', 42),
(548, 'อำเภอบรบือ', 42),
(549, 'อำเภอนาเชือก', 42),
(550, 'อำเภอพยัคฆภูมิพิสัย', 42),
(551, 'อำเภอวาปีปทุม', 42),
(552, 'อำเภอนาดูน', 42),
(553, 'อำเภอยางสีสุราช', 42),
(554, 'อำเภอกุดรัง', 42),
(555, 'กิ่งอำเภอชื่นชม', 42),
(556, 'อำเภอเมือง', 43),
(557, 'อำเภอนิคมคำสร้อย', 43),
(558, 'อำเภอดอนตาล', 43),
(559, 'อำเภอดงหลวง', 43),
(560, 'อำเภอคำชะอี', 43),
(561, 'อำเภอหว้านใหญ่', 43),
(562, 'อำเภอหนองสูง', 43),
(563, 'อำเภอเมือง', 44),
(564, 'อำเภอขุนยวม', 44),
(565, 'อำเภอปาย', 44),
(566, 'อำเภอแม่สะเรียง', 44),
(567, 'อำเภอแม่ลาน้อย', 44),
(568, 'อำเภอสบเมย', 44),
(569, 'อำเภอปางมะผ้า', 44),
(570, 'กิ่งอำเภอห้วยโป่ง', 44),
(571, 'อำเภอเมือง', 45),
(572, 'อำเภอทรายมูล', 45),
(573, 'อำเภอกุดชุม', 45),
(574, 'อำเภอคำเขื่อนแก้ว', 45),
(575, 'อำเภอป่าติ้ว', 45),
(576, 'อำเภอมหาชนะชัย', 45),
(577, 'อำเภอค้อวัง', 45),
(578, 'อำเภอเลิงนกทา', 45),
(579, 'อำเภอไทยเจริญ', 45),
(580, 'อำเภอเมือง', 46),
(581, 'อำเภอเบตง', 46),
(582, 'อำเภอบันนังสตา', 46),
(583, 'อำเภอธารโต', 46),
(584, 'อำเภอยะหา', 46),
(585, 'อำเภอรามัน', 46),
(586, 'อำเภอกาบัง', 46),
(587, 'กิ่งอำเภอกรงปินัง', 46),
(588, 'อำเภอเมือง', 47),
(589, 'อำเภอเกษตรวิสัย', 47),
(590, 'อำเภอปทุมรัตต์', 47),
(591, 'อำเภอจตุรพักตรพิมาน', 47),
(592, 'อำเภอธวัชบุรี', 47),
(593, 'อำเภอพนมไพร', 47),
(594, 'อำเภอโพนทอง', 47),
(595, 'อำเภอโพธิ์ชัย', 47),
(596, 'อำเภอหนองพอก', 47),
(597, 'อำเภอเสลภูมิ', 47),
(598, 'อำเภอสุวรรณภูมิ', 47),
(599, 'อำเภอเมืองสรวง', 47),
(600, 'อำเภอโพนทราย', 47),
(601, 'อำเภออาจสามารถ', 47),
(602, 'อำเภอเมยวดี', 47),
(603, 'อำเภอศรีสมเด็จ', 47),
(604, 'อำเภอจังหาร', 47),
(605, 'กิ่งอำเภอเชียงขวัญ', 47),
(606, 'กิ่งอำเภอหนองฮี', 47),
(607, 'กิ่งอำเภอทุ่งเขาหลวง', 47),
(608, 'อำเภอเมือง', 48),
(609, 'อำเภอละอุ่น', 48),
(610, 'อำเภอกะเปอร์', 48),
(611, 'อำเภอกระบุรี', 48),
(612, 'กิ่งอำเภอสุขสำราญ', 48),
(613, 'อำเภอเมือง', 49),
(614, 'อำเภอบ้านฉาง', 49),
(615, 'อำเภอแกลง', 49),
(616, 'อำเภอวังจันทร์', 49),
(617, 'อำเภอบ้านค่าย', 49),
(618, 'อำเภอปลวกแดง', 49),
(619, 'กิ่งอำเภอเขาชะเมา', 49),
(620, 'กิ่งอำเภอนิคมพัฒนา', 49),
(621, 'อำเภอเมือง', 50),
(622, 'อำเภอจอมบึง', 50),
(623, 'อำเภอสวนผึ้ง', 50),
(624, 'อำเภอดำเนินสะดวก', 50),
(625, 'อำเภอบ้านโป่ง', 50),
(626, 'อำเภอบางแพ', 50),
(627, 'อำเภอโพธาราม', 50),
(628, 'อำเภอปากท่อ', 50),
(629, 'อำเภอวัดเพลง', 50),
(630, 'กิ่งอำเภอบ้านคา', 50),
(631, 'อำเภอเมือง', 51),
(632, 'อำเภอพัฒนานิคม', 51),
(633, 'อำเภอโคกสำโรง', 51),
(634, 'อำเภอชัยบาดาล', 51),
(635, 'อำเภอท่าวุ้ง', 51),
(636, 'อำเภอบ้านหมี่', 51),
(637, 'อำเภอท่าหลวง', 51),
(638, 'อำเภอสระโบสถ์', 51),
(639, 'อำเภอโคกเจริญ', 51),
(640, 'อำเภอลำสนธิ', 51),
(641, 'อำเภอหนองม่วง', 51),
(642, 'อำเภอเมือง', 52),
(643, 'อำเภอแม่เมาะ', 52),
(644, 'อำเภอเกาะคา', 52),
(645, 'อำเภอเสริมงาม', 52),
(646, 'อำเภองาว', 52),
(647, 'อำเภอแจ้ห่ม', 52),
(648, 'อำเภอวังเหนือ', 52),
(649, 'อำเภอเถิน', 52),
(650, 'อำเภอแม่พริก', 52),
(651, 'อำเภอแม่ทะ', 52),
(652, 'อำเภอสบปราบ', 52),
(653, 'อำเภอห้างฉัตร', 52),
(654, 'อำเภอเมืองปาน', 52),
(655, 'อำเภอเมือง', 53),
(656, 'อำเภอแม่ทา', 53),
(657, 'อำเภอบ้านโฮ่ง', 53),
(658, 'อำเภอลี้', 53),
(659, 'อำเภอทุ่งหัวช้าง', 53),
(660, 'อำเภอป่าซาง', 53),
(661, 'อำเภอบ้านธิ', 53),
(662, 'กิ่งอำเภอเวียงหนองล่อง', 53),
(663, 'อำเภอเมือง', 54),
(664, 'อำเภอนาด้วง', 54),
(665, 'อำเภอเชียงคาน', 54),
(666, 'อำเภอปากชม', 54),
(667, 'อำเภอด่านซ้าย', 54),
(668, 'อำเภอนาแห้ว', 54),
(669, 'อำเภอภูเรือ', 54),
(670, 'อำเภอท่าลี่', 54),
(671, 'อำเภอวังสะพุง', 54),
(672, 'อำเภอภูกระดึง', 54),
(673, 'อำเภอภูหลวง', 54),
(674, 'อำเภอผาขาว', 54),
(675, 'กิ่งอำเภอเอราวัณ', 54),
(676, 'กิ่งอำเภอหนองหิน', 54),
(677, 'อำเภอเมือง', 55),
(678, 'อำเภอยางชุมน้อย', 55),
(679, 'อำเภอกันทรารมย์', 55),
(680, 'อำเภอกันทรลักษ์', 55),
(681, 'อำเภอขุขันธ์', 55),
(682, 'อำเภอไพรบึง', 55),
(683, 'อำเภอปรางค์กู่', 55),
(684, 'อำเภอขุนหาญ', 55),
(685, 'อำเภอราษีไศล', 55),
(686, 'อำเภออุทุมพรพิสัย', 55),
(687, 'อำเภอบึงบูรพ์', 55),
(688, 'อำเภอห้วยทับทัน', 55),
(689, 'อำเภอโนนคูณ', 55),
(690, 'อำเภอศรีรัตนะ', 55),
(691, 'อำเภอน้ำเกลี้ยง', 55),
(692, 'อำเภอวังหิน', 55),
(693, 'อำเภอภูสิงห์', 55),
(694, 'อำเภอเมืองจันทร์', 55),
(695, 'อำเภอเบญจลักษ์', 55),
(696, 'อำเภอพยุห์', 55),
(697, 'กิ่งอำเภอโพธิ์ศรีสุวรรณ', 55),
(698, 'กิ่งอำเภอศิลาลาด', 55),
(699, 'อำเภอเมือง', 56),
(700, 'อำเภอกุสุมาลย์', 56),
(701, 'อำเภอกุดบาก', 56),
(702, 'อำเภอพรรณานิคม', 56),
(703, 'อำเภอพังโคน', 56),
(704, 'อำเภอวาริชภูมิ', 56),
(705, 'อำเภอนิคมน้ำอูน', 56),
(706, 'อำเภอวานรนิวาส', 56),
(707, 'อำเภอคำตากล้า', 56),
(708, 'อำเภอบ้านม่วง', 56),
(709, 'อำเภออากาศอำนวย', 56),
(710, 'อำเภอสว่างแดนดิน', 56),
(711, 'อำเภอส่องดาว', 56),
(712, 'อำเภอเต่างอย', 56),
(713, 'อำเภอโคกศรีสุพรรณ', 56),
(714, 'อำเภอเจริญศิลป์', 56),
(715, 'อำเภอโพนนาแก้ว', 56),
(716, 'อำเภอภูพาน', 56),
(717, 'อำเภอเมือง', 57),
(718, 'อำเภอสทิงพระ', 57),
(719, 'อำเภอจะนะ', 57),
(720, 'อำเภอนาทวี', 57),
(721, 'อำเภอเทพา', 57),
(722, 'อำเภอสะบ้าย้อย', 57),
(723, 'อำเภอระโนด', 57),
(724, 'อำเภอกระแสสินธุ์', 57),
(725, 'อำเภอรัตภูมิ', 57),
(726, 'อำเภอสะเดา', 57),
(727, 'อำเภอหาดใหญ่', 57),
(728, 'อำเภอนาหม่อม', 57),
(729, 'อำเภอควนเนียง', 57),
(730, 'อำเภอบางกล่ำ', 57),
(731, 'อำเภอสิงหนคร', 57),
(732, 'อำเภอคลองหอยโข่ง', 57),
(733, 'อำเภอเมือง', 58),
(734, 'อำเภอควนโดน', 58),
(735, 'อำเภอควนกาหลง', 58),
(736, 'อำเภอท่าแพ', 58),
(737, 'อำเภอละงู', 58),
(738, 'อำเภอทุ่งหว้า', 58),
(739, 'กิ่งอำเภอมะนัง', 58),
(740, 'อำเภอเมือง', 59),
(741, 'อำเภอบางบ่อ', 59),
(742, 'อำเภอบางพลี', 59),
(743, 'อำเภอพระประแดง', 59),
(744, 'อำเภอพระสมุทรเจดีย์', 59),
(745, 'กิ่งอำเภอบางเสาธง', 59),
(746, 'อำเภอเมือง', 60),
(747, 'อำเภอบางคนที', 60),
(748, 'อำเภออัมพวา', 60),
(749, 'อำเภอเมือง', 61),
(750, 'อำเภอกระทุ่มแบน', 61),
(751, 'อำเภอบ้านแพ้ว', 61),
(752, 'อำเภอเมือง', 62),
(753, 'อำเภอคลองหาด', 62),
(754, 'อำเภอตาพระยา', 62),
(755, 'อำเภอวังน้ำเย็น', 62),
(756, 'อำเภอวัฒนานคร', 62),
(757, 'อำเภออรัญประเทศ', 62),
(758, 'อำเภอเขาฉกรรจ์', 62),
(759, 'กิ่งอำเภอโคกสูง', 62),
(760, 'กิ่งอำเภอวังสมบูรณ์', 62),
(761, 'อำเภอเมือง', 63),
(762, 'อำเภอแก่งคอย', 63),
(763, 'อำเภอหนองแค', 63),
(764, 'อำเภอวิหารแดง', 63),
(765, 'อำเภอหนองแซง', 63),
(766, 'อำเภอบ้านหมอ', 63),
(767, 'อำเภอดอนพุด', 63),
(768, 'อำเภอหนองโดน', 63),
(769, 'อำเภอพระพุทธบาท', 63),
(770, 'อำเภอเสาไห้', 63),
(771, 'อำเภอมวกเหล็ก', 63),
(772, 'อำเภอวังม่วง', 63),
(773, 'อำเภอเฉลิมพระเกียรติ', 63),
(774, 'อำเภอเมือง', 64),
(775, 'อำเภอบางระจัน', 64),
(776, 'อำเภอค่ายบางระจัน', 64),
(777, 'อำเภอพรหมบุรี', 64),
(778, 'อำเภอท่าช้าง', 64),
(779, 'อำเภออินทร์บุรี', 64),
(780, 'อำเภอเมือง', 65),
(781, 'อำเภอบ้านด่านลานหอย', 65),
(782, 'อำเภอคีรีมาศ', 65),
(783, 'อำเภอกงไกรลาศ', 65),
(784, 'อำเภอศรีสัชนาลัย', 65),
(785, 'อำเภอศรีสำโรง', 65),
(786, 'อำเภอสวรรคโลก', 65),
(787, 'อำเภอศรีนคร', 65),
(788, 'อำเภอทุ่งเสลี่ยม', 65),
(789, 'อำเภอเมือง', 66),
(790, 'อำเภอเดิมบางนางบวช', 66),
(791, 'อำเภอด่านช้าง', 66),
(792, 'อำเภอบางปลาม้า', 66),
(793, 'อำเภอศรีประจันต์', 66),
(794, 'อำเภอดอนเจดีย์', 66),
(795, 'อำเภอสองพี่น้อง', 66),
(796, 'อำเภอสามชุก', 66),
(797, 'อำเภออู่ทอง', 66),
(798, 'อำเภอหนองหญ้าไซ', 66),
(799, 'อำเภอเมือง', 67),
(800, 'อำเภอกาญจนดิษฐ์', 67),
(801, 'อำเภอดอนสัก', 67),
(802, 'อำเภอเกาะสมุย', 67),
(803, 'อำเภอเกาะพะงัน', 67),
(804, 'อำเภอไชยา', 67),
(805, 'อำเภอท่าชนะ', 67),
(806, 'อำเภอคีรีรัฐนิคม', 67),
(807, 'อำเภอบ้านตาขุน', 67),
(808, 'อำเภอพนม', 67),
(809, 'อำเภอท่าฉาง', 67),
(810, 'อำเภอบ้านนาสาร', 67),
(811, 'อำเภอบ้านนาเดิม', 67),
(812, 'อำเภอเคียนซา', 67),
(813, 'อำเภอเวียงสระ', 67),
(814, 'อำเภอพระแสง', 67),
(815, 'อำเภอพุนพิน', 67),
(816, 'อำเภอชัยบุรี', 67),
(817, 'กิ่งอำเภอวิภาวดี', 67),
(818, 'อำเภอเมือง', 68),
(819, 'อำเภอชุมพลบุรี', 68),
(820, 'อำเภอท่าตูม', 68),
(821, 'อำเภอจอมพระ', 68),
(822, 'อำเภอปราสาท', 68),
(823, 'อำเภอกาบเชิง', 68),
(824, 'อำเภอรัตนบุรี', 68),
(825, 'อำเภอสนม', 68),
(826, 'อำเภอศีขรภูมิ', 68),
(827, 'อำเภอสังขะ', 68),
(828, 'อำเภอลำดวน', 68),
(829, 'อำเภอสำโรงทาบ', 68),
(830, 'อำเภอบัวเชด', 68),
(831, 'กิ่งอำเภอพนมดงรัก', 68),
(832, 'กิ่งอำเภอศรีณรงค์', 68),
(833, 'กิ่งอำเภอเขวาสินรินทร์', 68),
(834, 'กิ่งอำเภอโนนนารายณ์', 68),
(835, 'อำเภอเมือง', 69),
(836, 'อำเภอท่าบ่อ', 69),
(837, 'อำเภอบึงกาฬ', 69),
(838, 'อำเภอพรเจริญ', 69),
(839, 'อำเภอโพนพิสัย', 69),
(840, 'อำเภอโซ่พิสัย', 69),
(841, 'อำเภอศรีเชียงใหม่', 69),
(842, 'อำเภอสังคม', 69),
(843, 'อำเภอเซกา', 69),
(844, 'อำเภอปากคาด', 69),
(845, 'อำเภอบึงโขงหลง', 69),
(846, 'อำเภอศรีวิไล', 69),
(847, 'อำเภอบุ่งคล้า', 69),
(848, 'อำเภอสระใคร', 69),
(849, 'อำเภอเฝ้าไร่', 69),
(850, 'อำเภอรัตนวาปี', 69),
(851, 'อำเภอโพธิ์ตาก', 69),
(852, 'อำเภอเมือง', 70),
(853, 'อำเภอนากลาง', 70),
(854, 'อำเภอโนนสัง', 70),
(855, 'อำเภอศรีบุญเรือง', 70),
(856, 'อำเภอสุวรรณคูหา', 70),
(857, 'อำเภอนาวัง', 70),
(858, 'อำเภอเมือง', 71),
(859, 'อำเภอไชโย', 71),
(860, 'อำเภอป่าโมก', 71),
(861, 'อำเภอโพธิ์ทอง', 71),
(862, 'อำเภอแสวงหา', 71),
(863, 'อำเภอวิเศษไชยชาญ', 71),
(864, 'อำเภอสามโก้', 71),
(865, 'อำเภอเมือง', 72),
(866, 'อำเภอชานุมาน', 72),
(867, 'อำเภอปทุมราชวงศา', 72),
(868, 'อำเภอพนา', 72),
(869, 'อำเภอเสนางคนิคม', 72),
(870, 'อำเภอหัวตะพาน', 72),
(871, 'อำเภอลืออำนาจ', 72),
(872, 'อำเภอเมือง', 73),
(873, 'อำเภอกุดจับ', 73),
(874, 'อำเภอหนองวัวซอ', 73),
(875, 'อำเภอกุมภวาปี', 73),
(876, 'อำเภอโนนสะอาด', 73),
(877, 'อำเภอหนองหาน', 73),
(878, 'อำเภอทุ่งฝน', 73),
(879, 'อำเภอไชยวาน', 73),
(880, 'อำเภอศรีธาตุ', 73),
(881, 'อำเภอวังสามหมอ', 73),
(882, 'อำเภอบ้านดุง', 73),
(883, 'อำเภอบ้านผือ', 73),
(884, 'อำเภอน้ำโสม', 73),
(885, 'อำเภอเพ็ญ', 73),
(886, 'อำเภอสร้างคอม', 73),
(887, 'อำเภอหนองแสง', 73),
(888, 'อำเภอนายูง', 73),
(889, 'อำเภอพิบูลย์รักษ์', 73),
(890, 'กิ่งอำเภอกู่แก้ว', 73),
(891, 'กิ่งอำเภอประจักษ์ศิลปาคม', 73),
(892, 'อำเภอเมือง', 74),
(893, 'อำเภอตรอน', 74),
(894, 'อำเภอท่าปลา', 74),
(895, 'อำเภอน้ำปาด', 74),
(896, 'อำเภอฟากท่า', 74),
(897, 'อำเภอบ้านโคก', 74),
(898, 'อำเภอพิชัย', 74),
(899, 'อำเภอลับแล', 74),
(900, 'อำเภอทองแสนขัน', 74),
(901, 'อำเภอเมือง', 75),
(902, 'อำเภอทัพทัน', 75),
(903, 'อำเภอสว่างอารมณ์', 75),
(904, 'อำเภอหนองฉาง', 75),
(905, 'อำเภอหนองขาหย่าง', 75),
(906, 'อำเภอบ้านไร่', 75),
(907, 'อำเภอลานสัก', 75),
(908, 'อำเภอห้วยคต', 75),
(909, 'อำเภอเมือง', 76),
(910, 'อำเภอศรีเมืองใหม่', 76),
(911, 'อำเภอโขงเจียม', 76),
(912, 'อำเภอเขื่องใน', 76),
(913, 'อำเภอเขมราฐ', 76),
(914, 'อำเภอเดชอุดม', 76),
(915, 'อำเภอนาจะหลวย', 76),
(916, 'อำเภอน้ำยืน', 76),
(917, 'อำเภอบุณฑริก', 76),
(918, 'อำเภอตระการพืชผล', 76),
(919, 'อำเภอกุดข้าวปุ้น', 76),
(920, 'อำเภอม่วงสามสิบ', 76),
(921, 'อำเภอวารินชำราบ', 76),
(922, 'อำเภอพิบูลมังสาหาร', 76),
(923, 'อำเภอตาลสุม', 76),
(924, 'อำเภอโพธิ์ไทร', 76),
(925, 'อำเภอสำโรง', 76),
(926, 'อำเภอดอนมดแดง', 76),
(927, 'อำเภอสิรินธร', 76),
(928, 'อำเภอทุ่งศรีอุดม', 76),
(929, 'กิ่งอำเภอนาเยีย', 76),
(930, 'กิ่งอำเภอนาตาล', 76),
(931, 'กิ่งอำเภอเหล่าเสือโก้ก', 76),
(932, 'กิ่งอำเภอสว่างวีระวงศ์', 76),
(933, 'กิ่งอำเภอน้ำขุ่น', 76);

-- --------------------------------------------------------

--
-- Table structure for table `branch`
--

CREATE TABLE IF NOT EXISTS `branch` (
  `BranchID` int(11) NOT NULL AUTO_INCREMENT,
  `BranchName` varchar(200) NOT NULL,
  `FacultyID` int(11) NOT NULL,
  PRIMARY KEY (`BranchID`)
) ENGINE=InnoDB  DEFAULT CHARSET=utf8 AUTO_INCREMENT=3 ;

--
-- Dumping data for table `branch`
--

INSERT INTO `branch` (`BranchID`, `BranchName`, `FacultyID`) VALUES
(1, 'วิศวกรรมซอฟต์แวร์', 1),
(2, 'ภูมิศาสตร์สารสนเทศ', 2);

-- --------------------------------------------------------

--
-- Table structure for table `faculty`
--

CREATE TABLE IF NOT EXISTS `faculty` (
  `FacultyID` int(11) NOT NULL AUTO_INCREMENT,
  `FacultyName` varchar(200) NOT NULL,
  PRIMARY KEY (`FacultyID`)
) ENGINE=InnoDB  DEFAULT CHARSET=utf8 AUTO_INCREMENT=5 ;

--
-- Dumping data for table `faculty`
--

INSERT INTO `faculty` (`FacultyID`, `FacultyName`) VALUES
(1, 'เทคโนโลยและสิ่งแวดล้อม'),
(2, 'วิศวกรรมคอมพิวเตอร์'),
(3, 'วิเทศศึกษา'),
(4, 'การบริการและการท่องเที่ยว');

-- --------------------------------------------------------

--
-- Table structure for table `location_volunteer`
--

CREATE TABLE IF NOT EXISTS `location_volunteer` (
  `LocationID` int(11) NOT NULL AUTO_INCREMENT,
  `LocationName` varchar(200) NOT NULL,
  `LocationAddress` text NOT NULL,
  `AmphurID` int(11) NOT NULL,
  `ProvinceID` int(5) NOT NULL,
  `LocationPostCode` int(5) NOT NULL,
  `LocationImage` varchar(100) NOT NULL,
  `Latitude` double NOT NULL,
  `Longitude` double NOT NULL,
  `MobileNumber` varchar(20) DEFAULT NULL,
  `Telephone` varchar(20) DEFAULT NULL,
  `Fax` varchar(20) DEFAULT NULL,
  `ContactName` varchar(200) NOT NULL,
  `Website` varchar(200) DEFAULT NULL,
  `Email` varchar(200) DEFAULT NULL,
  `DatetimeContact` datetime DEFAULT NULL,
  PRIMARY KEY (`LocationID`)
) ENGINE=InnoDB DEFAULT CHARSET=utf8 AUTO_INCREMENT=1 ;

-- --------------------------------------------------------

--
-- Table structure for table `news`
--

CREATE TABLE IF NOT EXISTS `news` (
  `NewsID` int(11) NOT NULL AUTO_INCREMENT,
  `NewsHeader` varchar(200) NOT NULL,
  `NewsTitle` varchar(200) NOT NULL,
  `NewsDetail` text NOT NULL,
  `NewsImage` varchar(200) NOT NULL,
  `InsertBy` int(11) NOT NULL,
  `InsertDateTime` datetime NOT NULL,
  `UpdateBy` int(11) NOT NULL,
  `UpdateDatetime` datetime NOT NULL,
  `Counter` int(11) NOT NULL DEFAULT '0',
  PRIMARY KEY (`NewsID`)
) ENGINE=InnoDB DEFAULT CHARSET=utf8 AUTO_INCREMENT=1 ;

-- --------------------------------------------------------

--
-- Table structure for table `province`
--

CREATE TABLE IF NOT EXISTS `province` (
  `ProvinceID` int(11) NOT NULL AUTO_INCREMENT,
  `ProvinceName` varchar(200) NOT NULL DEFAULT '',
  PRIMARY KEY (`ProvinceID`)
) ENGINE=MyISAM  DEFAULT CHARSET=tis620 AUTO_INCREMENT=77 ;

--
-- Dumping data for table `province`
--

INSERT INTO `province` (`ProvinceID`, `ProvinceName`) VALUES
(1, 'กระบี่'),
(2, 'กรุงเทพมหานคร'),
(3, 'กาญจนบุรี'),
(4, 'กาฬสินธุ์'),
(5, 'กำแพงเพชร'),
(6, 'ขอนแก่น'),
(7, 'จันทบุรี'),
(8, 'ฉะเชิงเทรา'),
(9, 'ชลบุรี'),
(10, 'ชัยนาท'),
(11, 'ชัยภูมิ'),
(12, 'ชุมพร'),
(13, 'เชียงราย'),
(14, 'เชียงใหม่'),
(15, 'ตรัง'),
(16, 'ตราด'),
(17, 'ตาก'),
(18, 'นครนายก'),
(19, 'นครปฐม'),
(20, 'นครพนม'),
(21, 'นครราชสีมา'),
(22, 'นครศรีธรรมราช'),
(23, 'นครสวรรค์'),
(24, 'นนทบุรี'),
(25, 'นราธิวาส'),
(26, 'น่าน'),
(27, 'บุรีรัมย์'),
(28, 'ปทุมธานี'),
(29, 'ประจวบคีรีขันธ์'),
(30, 'ปราจีนบุรี'),
(31, 'ปัตตานี'),
(32, 'พระนครศรีอยุธยา'),
(33, 'พะเยา'),
(34, 'พังงา'),
(35, 'พัทลุง'),
(36, 'พิจิตร'),
(37, 'พิษณุโลก'),
(38, 'เพชรบุรี'),
(39, ' เพชรบูรณ์'),
(40, 'แพร่'),
(41, 'ภูเก็ต'),
(42, 'มหาสารคาม'),
(43, 'มุกดาหาร'),
(44, 'แม่ฮ่องสอน'),
(45, 'ยโสธร'),
(46, 'ยะลา'),
(47, 'ร้อยเอ็ด'),
(48, 'ระนอง'),
(49, 'ระยอง'),
(50, 'ราชบุรี'),
(51, 'ลพบุรี'),
(52, 'ลำปาง'),
(53, 'ลำพูน'),
(54, 'เลย'),
(55, 'ศรีสะเกษ'),
(56, 'สกลนคร'),
(57, 'สงขลา'),
(58, 'สตูล'),
(59, 'สมุทรปราการ'),
(60, 'สมุทรสงคราม'),
(61, 'สมุทรสาคร'),
(62, 'สระแก้ว'),
(63, 'สระบุรี'),
(64, 'สิงห์บุรี'),
(65, 'สุโขทัย'),
(66, 'สุพรรณบุรี'),
(67, 'สุราษฎร์ธานี'),
(68, 'สุรินทร์'),
(69, 'หนองคาย'),
(70, 'หนองบัวลำภู'),
(71, 'อ่างทอง'),
(72, 'อำนาจเจริญ'),
(73, 'อุดรธานี'),
(74, 'อุตรดิตถ์'),
(75, 'อุทัยธานี'),
(76, 'อุบลราชธานี');

-- --------------------------------------------------------

--
-- Table structure for table `user`
--

CREATE TABLE IF NOT EXISTS `user` (
  `UserID` int(11) NOT NULL AUTO_INCREMENT,
  `UserRoleID` int(11) NOT NULL,
  `Name` varchar(200) NOT NULL,
  `NickName` varchar(40) NOT NULL,
  `Email` varchar(200) NOT NULL,
  `Password` varchar(100) NOT NULL,
  `BirthDay` datetime NOT NULL,
  `TellFriend` int(200) NOT NULL,
  `ImageUser` varchar(200) NOT NULL,
  `StudentPSU` int(2) DEFAULT '1',
  `Faculty` int(11) DEFAULT NULL,
  `Branch` int(11) DEFAULT NULL,
  `Generation` int(11) DEFAULT NULL,
  `Fackbook` varchar(200) DEFAULT NULL,
  `DateRegister` datetime DEFAULT NULL,
  `LastLogin` datetime DEFAULT NULL,
  PRIMARY KEY (`UserID`)
) ENGINE=InnoDB DEFAULT CHARSET=utf8 AUTO_INCREMENT=1 ;

-- --------------------------------------------------------

--
-- Table structure for table `user_role`
--

CREATE TABLE IF NOT EXISTS `user_role` (
  `UserRoleID` int(11) NOT NULL AUTO_INCREMENT,
  `UserRoleName` varchar(200) NOT NULL,
  PRIMARY KEY (`UserRoleID`)
) ENGINE=InnoDB DEFAULT CHARSET=utf8 AUTO_INCREMENT=1 ;

/*!40101 SET CHARACTER_SET_CLIENT=@OLD_CHARACTER_SET_CLIENT */;
/*!40101 SET CHARACTER_SET_RESULTS=@OLD_CHARACTER_SET_RESULTS */;
/*!40101 SET COLLATION_CONNECTION=@OLD_COLLATION_CONNECTION */;
